supplement,alt name,evidence level,popularity,number of studies examined,number of citations,No. of individual studies / reviews,N positive studies / trials,% positive studies/ trials,main study source,Link to main individual study,Link to individual study,Link to individual study.1,inflammation,performance when sleep-deprived,muscle gain,muscle building,weight + fat loss,hormonal exercise response,other,aerobic fitness,repeated sprint performance,oxidative stress reduction,inflammation + muscle soreness,calorie + fat burning in postmenopausal women,fatigue,body weight + fat loss in postmenopausal women,weight training,football,soreness,muscle mass,cycling,recovery–injury prevention,neuromuscular function,anaerobic–high-intensity,exercise tolerance in hot conditions,cardio fitness markers,weight loss in overweight men,recovery–injury prevention ,metabolism,power,muscle soreness,muscle building + recovery,testosterone,muscle damage + soreness,muscle damage + recovery,high-intensity fitness,immune defences in athletes,aerobic performance,high-intensity performance,general exercise performance,strength,muscle endurance,endurance performance,strength + muscle mass in the elderly,high-intensity aerobic endurance,endurance,running,muscle  building,general fitness in older adults,mood during exercise,anaerobic-high-intensity,fitness markers,fatigue resistance,fat burning-muscle building,peak power output,body fat,oxidative stress,weight loss,aerobic + anaerobic performance,high intensity endurance,swimming,general fitness,aerobic capacity,aerobic–endurance,fat loss,strength–power,body composition,muscular endurance,skill,illnesses following heavy exercise,rowing,high intensity performance,cholesterol,fat burning,intense aerobic performance,aerobic efficiency,perceived exertion,circuit training,training tolerance,sprint performance,fat burning–muscle building,muscle damage + inflammation,muscle damage,aerobic endurance,sports psychology,agility + speed,Claimed improved aspect of fitness,fitness category,sport or exercise type tested
AAKG,L-arginine alpha-ketoglutarate,1,242,1,20,1,1,100.00%,Campbell et al (2006),http://onlinelibrary.wiley.com/o/cochrane/clcentral/articles/549/CN-00668549/frame.html,http://onlinelibrary.wiley.com/o/cochrane/clcentral/articles/549/CN-00668549/frame.html,,0,0,0,0,0,0,0,0,0,0,0,0,0,0,1,0,0,0,0,0,0,0,0,0,0,0,0,1,0,0,0,0,0,0,0,0,0,0,1,0,0,0,0,0,0,0,0,0,0,0,0,0,1,0,0,0,0,0,0,0,0,0,0,1,0,0,0,0,0,0,0,0,0,0,0,0,0,0,0,0,0,0,0,0,peak power output,strength–power,weight training
AAKG,L-arginine alpha-ketoglutarate,0,242,1,20,1,0,0.00%,Campbell et al (2006),http://onlinelibrary.wiley.com/o/cochrane/clcentral/articles/549/CN-00668549/frame.html,http://onlinelibrary.wiley.com/o/cochrane/clcentral/articles/549/CN-00668549/frame.html,,0,0,0,1,0,0,0,0,0,0,0,0,0,0,1,0,0,0,0,0,0,0,0,0,0,0,0,0,0,0,0,0,0,0,0,0,0,0,0,1,0,0,0,1,0,0,0,0,0,0,0,0,0,0,0,0,0,0,0,0,1,1,0,0,1,0,0,0,0,0,0,1,0,0,0,0,0,0,1,0,0,0,0,0,"body composition, aerobic capacity, muscle endurance","fat burning–muscle building, aerobic–endurance",weight training
Baking soda,"Bicarbonate of soda, sodium bicarbonate, NaHCO3",5,947,14,140,14,9,64.29%,Siegler et al (2010),http://onlinelibrary.wiley.com/o/cochrane/clcentral/articles/219/CN-00770219/frame.html,http://onlinelibrary.wiley.com/o/cochrane/clcentral/articles/778/CN-00759778/frame.html,http://onlinelibrary.wiley.com/o/cochrane/clcentral/articles/004/CN-00749004/frame.html,0,0,0,0,0,0,1,0,0,0,0,0,0,0,0,0,0,0,1,0,0,1,0,0,0,0,0,0,0,0,0,0,0,0,0,0,1,0,0,0,0,0,0,0,1,0,0,0,0,0,0,0,0,0,0,0,0,0,1,0,0,0,0,0,0,0,0,0,1,0,0,0,0,0,0,0,0,0,0,0,0,0,0,0,high-intensity performance,anaerobic–high-intensity,"rowing, cycling, swimming, running, other"
BCAAs,"branched-chain amino acids, leucine, isoleucine, valine",4,5490,3,660,3,3,100.00%,Greer et al (2011),http://onlinelibrary.wiley.com/o/cochrane/clcentral/articles/959/CN-00781959/frame.html,http://onlinelibrary.wiley.com/o/cochrane/clcentral/articles/959/CN-00781959/frame.html,http://onlinelibrary.wiley.com/o/cochrane/clcentral/articles/239/CN-00787239/frame.html,0,0,0,0,0,0,0,0,0,0,0,0,1,0,0,0,0,0,1,0,0,0,0,0,0,0,0,0,0,0,0,0,0,0,0,0,0,0,0,0,0,0,0,1,0,0,0,0,0,0,1,0,0,0,0,0,0,0,0,0,0,1,0,0,0,0,0,0,0,0,0,0,0,0,0,1,0,0,0,0,0,0,0,0,fatigue resistance,aerobic–endurance,"cycling, circuit training"
BCAAs,"branched-chain amino acids, leucine, isoleucine, valine",3,5490,4,660,4,2,50.00%,Matsumoto et al (2009),http://onlinelibrary.wiley.com/o/cochrane/clcentral/articles/665/CN-00705665/frame.html,http://onlinelibrary.wiley.com/o/cochrane/clcentral/articles/959/CN-00781959/frame.html,http://onlinelibrary.wiley.com/o/cochrane/clcentral/articles/665/CN-00705665/frame.html,0,0,0,0,0,0,1,0,0,0,0,0,0,0,0,0,0,0,1,0,0,0,0,0,0,0,0,1,0,0,0,0,0,0,0,1,0,0,1,0,0,0,0,1,0,0,0,0,0,0,0,0,0,0,0,0,0,0,0,0,0,1,0,1,0,0,0,0,0,0,0,0,0,0,0,0,0,0,0,0,0,0,0,0,"aerobic performance, endurance, power","aerobic–endurance, strength–power","cycling, other"
BCAAs,"branched-chain amino acids, leucine, isoleucine, valine",1,5490,2,660,2,2,100.00%,Bassit et al (2002),http://onlinelibrary.wiley.com/o/cochrane/clcentral/articles/021/CN-00389021/frame.html,http://onlinelibrary.wiley.com/o/cochrane/clcentral/articles/021/CN-00389021/frame.html,http://onlinelibrary.wiley.com/o/cochrane/clcentral/articles/262/CN-00372262/frame.html,0,0,0,0,0,0,1,0,0,0,0,0,0,0,0,0,0,0,0,0,0,0,0,0,0,0,0,0,0,0,0,0,0,0,1,0,0,0,0,0,0,0,0,0,1,0,0,0,0,0,0,0,0,0,0,0,0,0,0,1,0,0,0,0,0,0,0,0,0,0,0,0,0,0,0,0,0,0,0,0,0,0,0,0,immune defences in athletes,general fitness,"running, other"
BCAAs,"branched-chain amino acids, leucine, isoleucine, valine",0,5490,1,660,1,0,0.00%,Tang (2003),http://onlinelibrary.wiley.com/o/cochrane/clcentral/articles/245/CN-00474245/frame.html,http://onlinelibrary.wiley.com/o/cochrane/clcentral/articles/245/CN-00474245/frame.html,,0,0,0,1,0,0,0,0,0,0,0,0,0,0,0,0,0,0,0,0,0,0,0,0,0,0,0,0,0,0,0,0,0,0,0,0,0,0,0,0,0,0,0,0,0,0,0,0,0,0,0,0,0,0,0,0,0,0,1,0,0,0,0,0,1,0,0,0,1,0,0,1,0,0,0,0,0,0,1,0,0,0,0,0,body composition,fat burning–muscle building,"swimming, rowing"
BCAAs,"branched-chain amino acids, leucine, isoleucine, valine",6,5490,7,660,7,7,100.00%,Shimomura et al (2010),http://onlinelibrary.wiley.com/o/cochrane/clcentral/articles/776/CN-00759776/frame.html,http://onlinelibrary.wiley.com/o/cochrane/clcentral/articles/773/CN-00751773/frame.html,http://onlinelibrary.wiley.com/o/cochrane/clcentral/articles/776/CN-00759776/frame.html,0,0,0,0,0,0,0,0,0,0,0,0,0,0,1,0,1,0,1,1,0,0,0,0,0,0,0,0,0,0,0,0,0,0,0,0,0,0,0,0,0,0,0,0,0,0,0,0,0,0,0,0,0,0,0,0,0,0,1,0,0,0,0,0,0,0,0,0,0,0,0,0,0,0,0,1,0,0,0,0,1,0,0,0,muscle damage + soreness,recovery–injury prevention,"weight training, circuit training, cycling, swimming"
Beetroot juice,,4,267,4,5,4,4,100.00%,Lansley et al (2011),http://onlinelibrary.wiley.com/o/cochrane/clcentral/articles/843/CN-00800843/frame.html,http://onlinelibrary.wiley.com/o/cochrane/clcentral/articles/843/CN-00800843/frame.html,http://onlinelibrary.wiley.com/o/cochrane/clcentral/articles/096/CN-00787096/frame.html,0,0,0,0,0,0,0,0,0,0,0,0,0,0,0,0,0,0,1,0,0,0,0,0,0,0,0,0,0,0,0,0,0,0,0,0,0,0,0,0,0,0,0,1,1,0,0,0,0,0,0,0,0,0,0,0,0,0,0,0,0,1,0,0,0,0,0,0,0,0,0,0,0,1,0,0,0,0,0,0,0,0,0,0,aerobic efficiency,aerobic–endurance,"running, cycling"
Beta alanine,,1,920,4,284,4,1,25.00%,Walter et al (2010),http://onlinelibrary.wiley.com/o/cochrane/clcentral/articles/456/CN-00750456/frame.html,http://onlinelibrary.wiley.com/o/cochrane/clcentral/articles/549/CN-00781549/frame.html,http://onlinelibrary.wiley.com/o/cochrane/clcentral/articles/456/CN-00750456/frame.html,0,0,0,0,0,0,0,0,0,0,0,0,0,0,0,0,0,0,1,0,0,1,0,0,0,0,0,0,0,0,0,0,0,0,0,0,1,0,0,0,0,0,0,1,1,0,0,0,0,0,0,0,0,0,0,0,0,0,0,0,0,1,0,0,0,0,0,0,1,0,0,0,0,0,0,0,0,0,0,0,0,0,0,0,high-intensity performance,"aerobic–endurance, anaerobic–high-intensity","rowing, cycling, running"
Beta alanine,,2,920,2,284,2,2,100.00%,Hoffman et al (2008a),http://onlinelibrary.wiley.com/o/cochrane/clcentral/articles/702/CN-00686702/frame.html,http://onlinelibrary.wiley.com/o/cochrane/clcentral/articles/702/CN-00686702/frame.html,http://onlinelibrary.wiley.com/o/cochrane/clcentral/articles/381/CN-00697381/frame.html,0,0,0,0,0,0,1,0,0,0,0,0,1,0,0,0,0,0,0,1,0,0,0,0,0,0,0,0,0,0,0,0,0,0,0,0,0,0,0,0,0,0,0,0,1,0,0,0,0,0,0,0,0,0,0,0,0,0,0,0,0,0,0,0,0,0,0,0,0,0,0,0,0,0,0,0,1,0,0,0,0,0,1,0,"training tolerance, fatigue","recovery–injury prevention, sports psychology","running, other"
Beta alanine,,1,920,1,284,1,1,100.00%,Hoffman et al (2008b),http://onlinelibrary.wiley.com/o/cochrane/clcentral/articles/829/CN-00686829/frame.html,http://onlinelibrary.wiley.com/o/cochrane/clcentral/articles/829/CN-00686829/frame.html,,0,0,0,0,0,0,0,0,0,0,0,0,0,0,1,0,0,0,0,0,0,1,0,0,0,0,0,1,0,0,0,0,0,0,0,0,0,0,1,0,0,0,0,1,0,0,0,0,0,0,0,0,0,0,0,0,0,0,0,0,0,0,0,1,0,1,0,0,0,0,0,0,0,0,0,0,0,0,0,0,0,0,0,0,"muscular endurance, power","strength–power, anaerobic–high-intensity",weight training
Betaine,,1,1040,1,162,1,1,100.00%,Armstrong et al (2008),http://onlinelibrary.wiley.com/o/cochrane/clcentral/articles/208/CN-00639208/frame.html,http://onlinelibrary.wiley.com/o/cochrane/clcentral/articles/208/CN-00639208/frame.html,,0,0,0,0,0,0,0,0,0,0,0,0,0,0,0,0,0,0,0,0,0,0,1,0,0,0,0,0,0,0,0,0,0,0,0,0,0,0,0,0,0,0,0,0,1,0,0,0,0,0,0,0,0,0,0,0,0,0,0,1,0,0,0,0,0,0,0,0,0,0,0,0,0,0,0,0,0,0,0,0,0,0,0,0,exercise tolerance in hot conditions,general fitness,running
Betaine,,0,1040,1,162,1,0,0.00%,Armstrong et al (2008),http://onlinelibrary.wiley.com/o/cochrane/clcentral/articles/208/CN-00639208/frame.html,http://onlinelibrary.wiley.com/o/cochrane/clcentral/articles/208/CN-00639208/frame.html,,0,0,0,0,0,0,0,0,0,0,0,0,0,0,0,0,0,0,0,0,0,1,0,0,0,0,0,0,0,0,0,0,0,0,0,0,0,0,0,0,0,0,0,0,1,0,0,0,0,0,0,0,0,0,0,0,0,0,0,0,0,0,0,0,0,0,0,0,0,0,0,0,0,0,0,0,0,1,0,0,0,0,0,0,sprint performance,anaerobic–high-intensity,running
Bitter orange,"Citrus aurantium, sour orange, p-synephrine, synephrine, octopamine (active ingredients)",0,406,3,1680,2,0,0.00%,Review: Bent et al (2004),http://onlinelibrary.wiley.com/o/cochrane/cldare/articles/DARE-12004006974/frame.html,http://onlinelibrary.wiley.com/o/cochrane/cldare/articles/DARE-12004006974/frame.html,http://www.ncbi.nlm.nih.gov/pubmed/15337824,0,0,0,1,0,0,1,0,0,0,0,0,0,0,0,0,0,0,0,0,0,0,0,0,0,0,0,0,0,0,0,0,0,0,0,0,0,0,0,0,0,0,0,0,0,0,0,0,0,0,0,0,0,0,0,1,0,0,0,0,0,0,0,0,0,0,0,0,0,0,0,1,0,0,0,0,0,0,1,0,0,0,0,0,weight loss,fat burning–muscle building,other
Bovine colostrum,,2,165,5,194,5,3,60.00%,Shing et al (2006),http://onlinelibrary.wiley.com/o/cochrane/clcentral/articles/365/CN-00566365/frame.html,http://onlinelibrary.wiley.com/o/cochrane/clcentral/articles/365/CN-00566365/frame.html,http://onlinelibrary.wiley.com/o/cochrane/clcentral/articles/579/CN-00409579/frame.html,0,0,0,0,0,0,1,0,0,0,0,0,0,0,0,0,0,0,1,0,0,0,0,0,0,0,0,0,0,0,0,0,0,0,0,0,0,0,0,0,0,0,0,1,1,0,0,0,0,0,0,0,0,0,0,0,0,0,0,0,0,1,0,0,0,0,0,0,1,1,0,0,0,0,0,0,0,0,0,0,0,0,0,0,"high intensity performance, endurance",aerobic–endurance,"cycling, running, rowing, other"
Bovine colostrum,,1,165,3,194,3,1,33.33%,Carol et al (2011),http://onlinelibrary.wiley.com/o/cochrane/clcentral/articles/582/CN-00788582/frame.html,http://onlinelibrary.wiley.com/o/cochrane/clcentral/articles/582/CN-00788582/frame.html,http://onlinelibrary.wiley.com/o/cochrane/clcentral/articles/582/CN-00788582/frame.html,0,0,0,0,0,0,0,0,0,0,0,0,0,0,0,0,0,0,1,0,0,0,0,0,0,0,0,0,0,0,0,0,0,0,1,0,0,0,0,0,0,0,0,0,0,0,0,0,0,0,0,0,0,0,0,0,0,0,1,1,0,0,0,0,0,0,0,0,0,0,0,0,0,0,0,0,0,0,0,0,0,0,0,0,immune defences in athletes,general fitness,"swimming, cycling"
Bovine colostrum,,1,165,1,194,1,1,100.00%,Antonio et al (2001),http://onlinelibrary.wiley.com/o/cochrane/clcentral/articles/368/CN-00347368/frame.html,http://onlinelibrary.wiley.com/o/cochrane/clcentral/articles/368/CN-00347368/frame.html,,0,0,1,1,0,0,0,0,0,0,0,0,0,0,1,0,0,0,0,0,0,0,0,0,0,0,0,0,0,0,0,0,0,0,0,0,0,0,0,0,0,0,0,0,0,0,0,0,0,0,0,0,0,0,0,0,0,0,0,0,0,0,0,0,0,0,0,0,0,0,0,1,0,0,0,0,0,0,1,0,0,0,0,0,muscle gain,fat burning–muscle building,weight training
Bovine colostrum,,1,165,3,194,3,2,66.67%,Mero et al (2005),http://onlinelibrary.wiley.com/o/cochrane/clcentral/articles/462/CN-00551462/frame.html,http://onlinelibrary.wiley.com/o/cochrane/clcentral/articles/462/CN-00551462/frame.html,http://onlinelibrary.wiley.com/o/cochrane/clcentral/articles/068/CN-00439068/frame.html,0,0,0,0,0,0,1,0,0,0,0,0,0,0,1,0,0,0,1,0,0,1,0,0,0,0,0,1,0,0,0,0,0,0,0,0,0,0,1,0,0,0,0,0,0,0,0,0,0,0,0,0,0,0,0,0,0,0,0,0,0,0,0,1,0,0,0,0,0,0,0,0,0,0,0,0,0,1,0,0,0,0,0,0,"strength, power, sprint performance","strength–power, anaerobic–high-intensity","weight training, cycling, other"
Caffeine,,4,7250,7,409,7,5,71.43%,Jenkins et al (2008),http://onlinelibrary.wiley.com/o/cochrane/clcentral/articles/134/CN-00649134/frame.html,http://onlinelibrary.wiley.com/o/cochrane/clcentral/articles/753/CN-00741753/frame.html,http://onlinelibrary.wiley.com/o/cochrane/clcentral/articles/134/CN-00649134/frame.html,0,0,0,0,0,0,0,0,0,0,0,0,0,0,0,0,0,0,1,0,0,0,0,0,0,0,0,0,0,0,0,0,0,0,0,1,0,0,0,0,0,0,0,1,0,0,0,0,0,0,0,0,0,0,0,0,0,0,0,0,0,1,0,0,0,0,0,0,1,0,0,0,1,0,0,0,0,0,0,0,0,0,0,0,intense aerobic performance,aerobic–endurance,"cycling, rowing"
Caffeine,,5,7250,15,409,15,10,66.67%,Irwin et al (2011),http://onlinelibrary.wiley.com/o/cochrane/clcentral/articles/557/CN-00787557/frame.html,http://onlinelibrary.wiley.com/o/cochrane/clcentral/articles/557/CN-00787557/frame.html,http://onlinelibrary.wiley.com/o/cochrane/clcentral/articles/769/CN-00769769/frame.html,0,0,0,0,0,0,0,0,0,0,0,0,0,0,0,0,0,0,1,0,0,0,0,0,0,0,0,0,0,0,0,0,0,0,0,0,0,0,0,0,1,0,0,1,1,0,0,0,0,0,0,0,0,0,0,0,0,0,0,0,0,1,0,0,0,0,0,0,0,0,0,0,0,0,0,0,0,0,0,0,0,0,0,0,endurance performance,aerobic–endurance,"cycling, running"
Caffeine,,3,7250,6,409,6,3,50.00%,Lorino et al (2006),http://onlinelibrary.wiley.com/o/cochrane/clcentral/articles/725/CN-00574725/frame.html,http://onlinelibrary.wiley.com/o/cochrane/clcentral/articles/486/CN-00722486/frame.html,http://onlinelibrary.wiley.com/o/cochrane/clcentral/articles/916/CN-00668916/frame.html,0,0,0,0,0,0,1,0,0,0,0,0,0,0,0,1,0,0,1,0,0,0,0,0,0,0,0,0,0,0,0,0,0,0,0,0,0,0,0,0,0,0,0,0,1,0,0,0,0,0,0,0,0,0,0,0,0,0,0,0,0,0,0,0,0,0,1,0,0,0,0,0,0,0,0,0,0,0,0,0,0,0,1,0,"skill, agility + speed",sports psychology,"football, cycling, running, other"
Caffeine,,4,7250,3,409,3,3,100.00%,McLellan et al (2007),http://onlinelibrary.wiley.com/o/cochrane/clcentral/articles/196/CN-00612196/frame.html,http://onlinelibrary.wiley.com/o/cochrane/clcentral/articles/196/CN-00612196/frame.html,http://onlinelibrary.wiley.com/o/cochrane/clcentral/articles/453/CN-00511453/frame.html,0,1,0,0,0,0,1,0,0,0,0,0,0,0,0,0,0,0,0,0,0,0,0,0,0,0,0,0,0,0,0,0,0,0,0,0,0,0,0,0,0,0,0,0,0,0,0,0,0,0,0,0,0,0,0,0,0,0,0,0,0,0,0,0,0,0,0,0,0,0,0,0,0,0,0,0,0,0,0,0,0,0,1,0,performance when sleep-deprived,sports psychology,other
Caffeine,,6,7250,11,409,11,9,81.82%,Backhouse et al (2011),http://onlinelibrary.wiley.com/o/cochrane/clcentral/articles/805/CN-00799805/frame.html,http://onlinelibrary.wiley.com/o/cochrane/clcentral/articles/805/CN-00799805/frame.html,http://onlinelibrary.wiley.com/o/cochrane/clcentral/articles/502/CN-00778502/frame.html,0,0,0,0,0,0,1,0,0,0,0,0,0,0,1,0,0,0,1,0,0,0,0,0,0,0,0,0,0,0,0,0,0,0,0,0,0,0,0,0,0,0,0,0,0,0,0,1,0,0,0,0,0,0,0,0,0,0,0,0,0,0,0,0,0,0,0,0,0,0,0,0,0,0,0,0,0,0,0,0,0,0,1,0,mood during exercise,sports psychology,"weight training, cycling, other"
Caffeine,,3,7250,14,409,14,8,57.14%,Astorino et al (2010),http://onlinelibrary.wiley.com/o/cochrane/clcentral/articles/696/CN-00786696/frame.html,http://onlinelibrary.wiley.com/o/cochrane/clcentral/articles/763/CN-00801763/frame.html,http://onlinelibrary.wiley.com/o/cochrane/clcentral/articles/384/CN-00780384/frame.html,0,0,0,0,0,0,0,0,0,0,0,0,0,0,1,0,0,0,1,0,0,1,0,0,0,0,0,0,0,0,0,0,0,0,0,0,1,0,0,0,0,0,0,0,1,0,0,0,0,0,0,0,0,0,0,0,0,0,0,0,0,0,0,0,0,0,0,0,0,0,0,0,0,0,0,0,0,0,0,0,0,0,0,0,high-intensity performance,anaerobic–high-intensity,"weight training, cycling, running"
Calcium pyruvate,,0,571,1,52,1,0,0.00%,Koh-Banerjee et al (2005),http://onlinelibrary.wiley.com/o/cochrane/clcentral/articles/267/CN-00521267/frame.html,http://onlinelibrary.wiley.com/o/cochrane/clcentral/articles/267/CN-00521267/frame.html,,0,0,0,1,0,0,1,0,0,0,0,0,0,0,0,0,0,0,0,0,0,0,0,0,0,0,1,0,0,0,0,0,0,0,0,0,0,0,0,0,0,0,0,0,0,0,0,0,0,0,0,0,0,0,0,0,0,0,0,1,0,0,0,0,1,0,0,0,0,0,0,1,0,0,0,0,0,0,1,0,0,0,0,0,"body composition, metabolism","fat burning–muscle building, general fitness",other
Casein,Casein hydrolysate,5,2380,5,40,5,5,100.00%,Reitelseder et al (2011),http://onlinelibrary.wiley.com/o/cochrane/clcentral/articles/142/CN-00772142/frame.html,http://onlinelibrary.wiley.com/o/cochrane/clcentral/articles/142/CN-00772142/frame.html,http://onlinelibrary.wiley.com/o/cochrane/clcentral/articles/820/CN-00718820/frame.html,0,0,0,1,0,0,0,0,0,0,0,0,0,0,1,0,0,0,1,0,0,0,0,0,0,0,0,1,0,0,0,0,0,0,0,0,0,0,1,0,0,0,0,1,0,1,0,0,0,0,0,0,0,0,0,0,0,0,0,0,0,1,0,1,0,0,0,0,0,0,0,1,0,0,0,0,0,0,1,0,0,0,0,0,"muscle  building, endurance, strength","fat burning–muscle building, strength–power, aerobic–endurance","cycling, weight training"
Chitosan,Gymnema sylvestre,1,983,1,54,0,0,0.00%,Cochrane Review: Jull et al (2008),http://onlinelibrary.wiley.com/doi/10.1002/14651858.CD003892.pub3/abstract,http://onlinelibrary.wiley.com/doi/10.1002/14651858.CD003892.pub3/abstract,,0,0,0,1,0,0,1,0,0,0,0,0,0,0,0,0,0,0,0,0,0,0,0,0,0,0,0,0,0,0,0,0,0,0,0,0,0,0,0,0,0,0,0,0,0,0,0,0,0,0,0,0,0,0,0,0,0,0,0,0,0,0,1,0,0,0,0,0,0,0,1,1,0,0,0,0,0,0,1,0,0,0,0,0,"weight + fat loss, cholesterol",fat burning–muscle building,other
Chromium ,Chromium picolinate,0.5,4140,10,1220,10,0,0.00%,Review: Pittler et al (2003),http://onlinelibrary.wiley.com/o/cochrane/cldare/articles/DARE-12003000871/frame.html,http://onlinelibrary.wiley.com/o/cochrane/clcentral/articles/596/CN-00742596/frame.html,http://onlinelibrary.wiley.com/o/cochrane/clcentral/articles/531/CN-00698531/frame.html,0,0,0,1,0,0,0,0,0,0,0,0,0,0,1,0,0,0,0,0,0,1,0,0,0,0,0,1,0,0,0,0,0,1,0,0,0,0,1,0,0,0,0,1,1,0,0,0,0,0,0,0,0,0,0,0,0,0,0,0,0,1,1,1,0,0,0,0,0,0,0,1,0,0,0,0,0,0,1,0,0,0,0,0,"high-intensity fitness, weight + fat loss, strength","fat burning–muscle building, aerobic–endurance, anaerobic–high-intensity, strength–power","weight training, running"
CLA,Conjugated linoleic acid,4,3620,11,374,11,6,54.55%,Steck et al (2007),http://onlinelibrary.wiley.com/o/cochrane/clcentral/articles/134/CN-00588134/frame.html,http://onlinelibrary.wiley.com/o/cochrane/clcentral/articles/905/CN-00799905/frame.html,http://onlinelibrary.wiley.com/o/cochrane/clcentral/articles/890/CN-00803890/frame.html,0,0,0,1,0,0,1,0,0,0,0,0,0,0,0,0,0,0,0,0,0,0,0,0,0,0,0,0,0,0,0,0,0,0,0,0,0,0,0,0,0,0,0,0,0,0,0,0,0,0,0,0,0,0,0,0,0,0,0,0,0,0,0,0,1,0,0,0,0,0,0,1,0,0,0,0,0,0,1,0,0,0,0,0,body composition,fat burning–muscle building,other
CLA,Conjugated linoleic acid,0,3620,1,374,1,0,0.00%,Colakoglu et al (2006),http://onlinelibrary.wiley.com/o/cochrane/clcentral/articles/998/CN-00576998/frame.html,http://onlinelibrary.wiley.com/o/cochrane/clcentral/articles/998/CN-00576998/frame.html,,0,0,0,0,0,0,1,0,0,0,0,0,0,0,0,0,0,0,0,0,0,0,0,0,0,0,0,0,0,0,0,0,0,0,0,0,0,0,0,0,0,0,0,1,0,0,0,0,0,0,0,0,0,0,0,0,0,0,0,0,0,1,0,0,0,0,0,0,0,0,0,0,0,0,0,0,0,0,0,0,0,0,0,0,endurance,aerobic–endurance,other
Cordyceps sinensis,"Cordymax Cs4, Cs-4",1,1070,2,7,2,1,50.00%,Chen et al (2010),http://onlinelibrary.wiley.com/o/cochrane/clcentral/articles/044/CN-00769044/frame.html,http://onlinelibrary.wiley.com/o/cochrane/clcentral/articles/044/CN-00769044/frame.html,http://onlinelibrary.wiley.com/o/cochrane/clcentral/articles/443/CN-00468443/frame.html,0,0,0,0,0,0,0,0,0,0,0,0,0,0,0,0,0,0,1,0,0,0,0,0,0,0,0,0,0,0,0,0,0,0,0,0,0,0,0,0,1,0,0,1,0,0,0,0,0,0,0,0,0,0,0,0,0,0,0,0,1,1,0,0,0,0,0,0,0,0,0,0,0,0,0,0,0,0,0,0,0,0,0,0,"endurance performance, aerobic capacity",aerobic–endurance,cycling
Creatine,Creatine monohydrate (sometimes creatine pyruvate or citrate),2,1590,3,5090,3,2,66.67%,Murphy et al (2005),http://onlinelibrary.wiley.com/o/cochrane/clcentral/articles/443/CN-00531443/frame.html,http://onlinelibrary.wiley.com/o/cochrane/clcentral/articles/443/CN-00531443/frame.html,http://onlinelibrary.wiley.com/o/cochrane/clcentral/articles/200/CN-00440200/frame.html,0,0,0,0,0,0,0,0,0,0,0,0,0,0,0,0,0,0,1,0,0,0,0,0,0,0,0,0,0,0,0,0,0,0,0,0,0,0,0,0,0,0,0,1,1,0,0,0,0,0,0,0,0,0,0,0,0,0,0,0,0,1,0,0,0,0,0,0,1,0,0,0,0,0,0,0,0,0,0,0,0,1,0,0,aerobic endurance,aerobic–endurance,"cycling, rowing, running"
Creatine,Creatine monohydrate (sometimes creatine pyruvate or citrate),3,1590,11,5090,11,5,45.45%,Fukuda et al (2010),http://onlinelibrary.wiley.com/o/cochrane/clcentral/articles/122/CN-00762122/frame.html,http://onlinelibrary.wiley.com/o/cochrane/clcentral/articles/122/CN-00762122/frame.html,http://onlinelibrary.wiley.com/o/cochrane/clcentral/articles/509/CN-00734509/frame.html,0,0,0,0,0,0,1,0,0,0,0,0,0,0,0,0,0,0,1,0,0,1,0,0,0,0,0,0,0,0,0,0,0,0,0,0,1,0,0,0,0,0,0,0,1,0,0,0,0,0,0,0,0,0,0,0,0,0,0,0,0,0,0,0,0,0,0,0,1,0,0,0,0,0,0,1,0,0,0,0,0,0,0,0,high-intensity performance,anaerobic–high-intensity,"running, cycling, circuit training, rowing, other"
Creatine,Creatine monohydrate (sometimes creatine pyruvate or citrate),0,1590,2,5090,2,0,0.00%,Rawson et al (2007),http://onlinelibrary.wiley.com/o/cochrane/clcentral/articles/432/CN-00647432/frame.html,http://onlinelibrary.wiley.com/o/cochrane/clcentral/articles/432/CN-00647432/frame.html,http://onlinelibrary.wiley.com/o/cochrane/clcentral/articles/461/CN-00375461/frame.html,0,0,0,0,0,0,0,0,0,0,0,0,0,0,1,0,0,0,0,1,0,0,0,0,0,0,0,0,0,0,0,0,0,0,0,0,0,0,0,0,0,0,0,0,0,0,0,0,0,0,0,0,0,0,0,0,0,0,0,0,0,0,0,0,0,0,0,0,0,0,0,0,0,0,0,0,0,0,0,0,1,0,0,0,muscle damage + recovery,recovery–injury prevention,weight training
Creatine,Creatine monohydrate (sometimes creatine pyruvate or citrate),5,1590,19,5090,19,12,63.16%,Kurosawa et al (2003),http://onlinelibrary.wiley.com/o/cochrane/clcentral/articles/620/CN-00558620/frame.html,http://onlinelibrary.wiley.com/o/cochrane/clcentral/articles/491/CN-00743491/frame.html,http://onlinelibrary.wiley.com/o/cochrane/clcentral/articles/637/CN-00813637/frame.html,0,0,0,0,0,0,1,0,0,0,0,0,0,0,1,0,0,0,0,0,1,0,0,0,0,0,0,1,0,0,0,0,0,0,0,0,0,0,1,0,0,0,0,0,0,0,0,0,0,0,0,0,0,0,0,0,0,0,0,0,0,0,0,1,0,0,0,0,0,0,0,0,0,0,0,0,0,0,0,0,0,0,0,0,"strength, power, neuromuscular function",strength–power,"weight training, other"
Creatine,Creatine monohydrate (sometimes creatine pyruvate or citrate),5,1590,12,5090,12,9,75.00%,Chilibeck et al (2004),http://onlinelibrary.wiley.com/o/cochrane/clcentral/articles/754/CN-00503754/frame.html,http://onlinelibrary.wiley.com/o/cochrane/clcentral/articles/754/CN-00503754/frame.html,http://onlinelibrary.wiley.com/o/cochrane/clcentral/articles/491/CN-00743491/frame.html,0,0,0,1,0,0,0,0,0,0,0,0,0,0,1,0,0,1,0,0,0,0,0,0,0,0,0,0,0,0,0,0,0,0,0,0,0,0,0,0,0,0,0,0,0,0,0,0,0,0,0,0,0,0,0,0,0,0,0,0,0,0,0,0,0,0,0,0,1,0,0,1,0,0,0,0,0,0,1,0,0,0,0,0,muscle mass,fat burning–muscle building,"weight training, rowing"
Creatine pyruvate,,0,245,1,18,1,0,0.00%,Van Schuylenbergh et al (2003),http://onlinelibrary.wiley.com/o/cochrane/clcentral/articles/260/CN-00436260/frame.html,http://onlinelibrary.wiley.com/o/cochrane/clcentral/articles/260/CN-00436260/frame.html,,0,0,0,0,0,0,0,0,1,0,0,0,0,0,0,0,0,0,1,0,0,0,0,0,0,0,0,0,0,0,0,0,0,0,0,0,0,0,0,0,0,0,0,1,0,0,0,0,0,0,0,0,0,0,0,0,0,0,0,0,0,1,0,0,0,0,0,0,0,0,0,0,0,0,0,0,0,1,0,0,0,0,0,0,repeated sprint performance,aerobic–endurance,cycling
DHEA,"Dehydroepiandrosterone, 7-DHEA",1,3820,2,601,2,2,100.00%,Kenny et al (2010),http://onlinelibrary.wiley.com/o/cochrane/clcentral/articles/558/CN-00760558/frame.html,http://onlinelibrary.wiley.com/o/cochrane/clcentral/articles/558/CN-00760558/frame.html,http://onlinelibrary.wiley.com/o/cochrane/clcentral/articles/836/CN-00570836/frame.html,0,0,0,1,0,0,1,0,0,0,0,0,0,0,1,0,0,1,0,0,0,0,0,0,0,0,0,1,0,0,0,0,0,0,0,0,0,0,1,0,0,0,0,0,0,0,0,0,0,0,0,0,0,0,0,0,0,0,0,1,0,0,0,1,0,0,0,0,0,0,0,1,0,0,0,0,0,0,1,0,0,0,0,0,strength + muscle mass in the elderly,"general fitness, strength–power, fat burning–muscle building","weight training, other"
DHEA,"Dehydroepiandrosterone, 7-DHEA",0,3820,2,601,2,0,0.00%,Igwebuike et al (2008),http://onlinelibrary.wiley.com/o/cochrane/clcentral/articles/464/CN-00628464/frame.html,http://onlinelibrary.wiley.com/o/cochrane/clcentral/articles/464/CN-00628464/frame.html,http://onlinelibrary.wiley.com/o/cochrane/clcentral/articles/461/CN-00374461/frame.html,0,0,0,0,0,0,1,0,0,0,0,0,0,0,1,0,0,0,0,0,0,0,0,0,0,0,0,0,0,0,0,0,0,0,0,0,0,0,0,0,0,0,0,0,0,0,1,0,0,0,0,0,0,0,0,0,0,0,0,1,0,0,0,0,0,0,0,0,0,0,0,0,0,0,0,0,0,0,0,0,0,0,0,0,general fitness in older adults,general fitness,"weight training, other"
Fish oil,omega 3 PUFAs,0,10800,1,3090,1,0,0.00%,Bortolotti et al (2007),http://onlinelibrary.wiley.com/o/cochrane/clcentral/articles/722/CN-00586722/frame.html,http://onlinelibrary.wiley.com/o/cochrane/clcentral/articles/722/CN-00586722/frame.html,,0,0,0,0,0,0,0,0,0,0,0,0,0,0,0,0,0,0,1,0,0,0,0,0,0,0,1,0,0,0,0,0,0,0,0,0,0,0,0,0,0,0,0,0,0,0,0,0,0,0,0,0,0,0,0,0,0,0,0,1,0,0,0,0,0,0,0,0,0,0,0,0,0,0,0,0,0,0,0,0,0,0,0,0,metabolism,general fitness,cycling
Fish oil,omega 3 PUFAs,3,10800,4,3090,4,4,100.00%,Peoples et al (2008),http://onlinelibrary.wiley.com/o/cochrane/clcentral/articles/761/CN-00668761/frame.html,http://onlinelibrary.wiley.com/o/cochrane/clcentral/articles/487/CN-00733487/frame.html,http://onlinelibrary.wiley.com/o/cochrane/clcentral/articles/761/CN-00668761/frame.html,0,0,0,0,0,0,0,0,0,0,0,0,0,0,0,1,0,0,1,0,0,0,0,1,0,0,0,0,0,0,0,0,0,0,0,0,0,0,0,0,0,0,0,0,0,0,0,0,0,1,0,0,0,0,0,0,0,0,0,1,0,0,0,0,0,0,0,0,0,0,0,0,0,0,0,0,0,0,0,0,0,0,0,0,cardio fitness markers,general fitness,"football, cycling"
Fish oil,omega 3 PUFAs,0,10800,3,3090,3,0,0.00%,Buckley et al (2009),http://onlinelibrary.wiley.com/o/cochrane/clcentral/articles/487/CN-00733487/frame.html,http://onlinelibrary.wiley.com/o/cochrane/clcentral/articles/487/CN-00733487/frame.html,http://onlinelibrary.wiley.com/o/cochrane/clcentral/articles/406/CN-00732406/frame.html,0,0,0,0,0,0,0,0,0,0,0,0,0,0,0,1,0,0,1,0,0,0,0,0,0,0,0,0,0,0,0,0,0,0,0,0,0,0,0,0,0,0,0,1,0,0,0,0,0,0,0,0,0,0,0,0,0,0,0,0,0,1,0,0,0,0,0,0,0,0,0,0,0,0,0,0,0,0,0,0,0,0,0,0,endurance,aerobic–endurance,"football, cycling"
Fish oil,omega 3 PUFAs,1,10800,1,3090,1,1,100.00%,Hill et al (2007),http://onlinelibrary.wiley.com/o/cochrane/clcentral/articles/706/CN-00588706/frame.html,http://onlinelibrary.wiley.com/o/cochrane/clcentral/articles/706/CN-00588706/frame.html,,0,0,0,1,0,0,1,0,0,0,0,0,0,0,0,0,0,0,0,0,0,0,0,0,0,0,0,0,0,0,0,0,0,0,0,0,0,0,0,0,0,0,0,0,0,0,0,0,0,0,0,0,0,1,0,0,0,0,0,0,0,0,0,0,0,0,0,0,0,0,0,1,0,0,0,0,0,0,1,0,0,0,0,0,body fat,fat burning–muscle building,other
Fish oil,omega 3 PUFAs,2,10800,6,3090,6,2,33.33%,Andrade et al (2007),http://onlinelibrary.wiley.com/o/cochrane/clcentral/articles/010/CN-00620010/frame.html,http://onlinelibrary.wiley.com/o/cochrane/clcentral/articles/821/CN-00443821/frame.html,http://onlinelibrary.wiley.com/o/cochrane/clcentral/articles/406/CN-00732406/frame.html,1,0,0,0,0,0,0,0,0,0,0,0,0,0,1,0,1,0,1,1,0,0,0,0,0,0,0,0,1,0,0,0,0,0,0,0,0,0,0,0,0,0,0,0,0,0,0,0,0,0,0,0,0,0,0,0,0,0,1,0,0,0,0,0,0,0,0,0,0,0,0,0,0,0,0,0,0,0,0,0,0,0,0,0,inflammation + muscle soreness,recovery–injury prevention,"weight training, cycling, swimming"
Forskolin,Coleus Forskohlii,1,286,1,13,1,1,100.00%,Godard et al (2005),http://onlinelibrary.wiley.com/o/cochrane/clcentral/articles/808/CN-00529808/frame.html,http://onlinelibrary.wiley.com/o/cochrane/clcentral/articles/808/CN-00529808/frame.html,,0,0,0,1,0,0,1,0,0,0,0,0,0,0,0,0,0,0,0,0,0,0,0,0,1,0,0,0,0,0,0,0,0,0,0,0,0,0,0,0,0,0,0,0,0,0,0,0,0,0,0,0,0,0,0,1,0,0,0,0,0,0,0,0,0,0,0,0,0,0,0,1,0,0,0,0,0,0,1,0,0,0,0,0,weight loss in overweight men,fat burning–muscle building,other
Glutamine,,0,3610,3,1720,3,0,0.00%,Candow et al (2001),http://onlinelibrary.wiley.com/o/cochrane/clcentral/articles/433/CN-00388433/frame.html,http://onlinelibrary.wiley.com/o/cochrane/clcentral/articles/433/CN-00388433/frame.html,http://onlinelibrary.wiley.com/o/cochrane/clcentral/articles/952/CN-00576952/frame.html,0,0,0,1,0,0,1,0,0,0,0,0,0,0,1,0,0,1,0,0,0,0,0,0,0,0,0,1,0,0,0,0,0,0,0,0,0,0,1,0,0,0,0,0,0,0,0,0,0,0,0,0,0,0,0,0,0,0,0,0,0,0,0,1,0,0,0,0,0,0,0,1,0,0,0,0,0,0,1,0,0,0,0,0,"strength, muscle mass","strength–power, fat burning–muscle building","weight training, other"
Glycerol,,1,851,1,99,1,0,0.00%,Review: Goulet et al (2007),http://onlinelibrary.wiley.com/o/cochrane/cldare/articles/DARE-12007009325/frame.html,http://onlinelibrary.wiley.com/o/cochrane/cldare/articles/DARE-12007009325/frame.html,,0,0,0,0,0,0,1,0,0,0,0,0,0,0,0,0,0,0,0,0,0,0,0,0,0,0,0,0,0,0,0,0,0,0,0,0,0,0,0,0,0,0,0,1,0,0,0,0,0,0,0,0,0,0,0,0,0,0,0,0,0,1,0,0,0,0,0,0,0,0,0,0,0,0,0,0,0,0,0,0,0,0,0,0,endurance,aerobic–endurance,other
GP L-Carnitine,"Glycine propionyl-L-carnitine, L-carnitine L-tartrate",1,310,2,1300,2,0.5,25.00%,Bloomer et al (2009),http://onlinelibrary.wiley.com/o/cochrane/clcentral/articles/504/CN-00742504/frame.html,http://onlinelibrary.wiley.com/o/cochrane/clcentral/articles/183/CN-00761183/frame.html,http://onlinelibrary.wiley.com/o/cochrane/clcentral/articles/504/CN-00742504/frame.html,0,0,0,1,0,0,1,0,0,0,0,0,0,0,0,0,0,0,0,0,0,0,0,0,0,0,1,0,0,0,0,0,0,0,0,0,0,0,0,0,0,0,0,0,0,0,0,0,0,1,0,0,0,0,0,0,0,0,0,1,0,0,0,0,0,0,0,0,0,0,0,1,0,0,0,0,0,0,1,0,0,0,0,0,"metabolism, fitness markers","fat burning–muscle building, general fitness",other
GP L-Carnitine,"Glycine propionyl-L-carnitine, L-carnitine L-tartrate",0,310,1,1300,1,0,0.00%,Smith et al (2008),http://onlinelibrary.wiley.com/o/cochrane/clcentral/articles/080/CN-00630080/frame.html,http://onlinelibrary.wiley.com/o/cochrane/clcentral/articles/080/CN-00630080/frame.html,,0,0,0,0,0,0,1,0,0,0,0,0,0,0,0,0,0,0,0,0,0,0,0,0,0,0,0,0,0,0,0,0,0,0,0,1,0,0,0,0,0,0,0,1,0,0,0,0,1,0,0,0,0,0,0,0,0,0,0,0,0,1,0,0,0,0,0,0,0,0,0,0,0,0,0,0,0,0,0,0,0,0,0,0,aerobic + anaerobic performance,"aerobic–endurance, anaerobic-high-intensity",other
Green tea extract,Catechins,0,2990,2,38,2,0,0.00%,Eichenberger et al (2010),http://onlinelibrary.wiley.com/o/cochrane/clcentral/articles/171/CN-00749171/frame.html,http://onlinelibrary.wiley.com/o/cochrane/clcentral/articles/171/CN-00749171/frame.html,http://onlinelibrary.wiley.com/o/cochrane/clcentral/articles/082/CN-00734082/frame.html,0,0,0,0,0,0,0,0,0,0,0,0,0,0,0,0,0,0,1,0,0,0,0,0,0,0,0,0,0,0,0,0,0,0,0,0,0,0,0,0,0,0,0,1,0,0,0,0,0,0,0,0,0,0,0,0,0,0,0,0,0,1,0,0,0,0,0,0,0,0,0,0,0,0,0,0,0,0,0,0,0,0,0,0,endurance,aerobic–endurance,cycling
Green tea extract,Catechins,3,2990,5,38,5,3.5,70.00%,Eichenberger et al (2009),http://onlinelibrary.wiley.com/o/cochrane/clcentral/articles/692/CN-00722692/frame.html,http://onlinelibrary.wiley.com/o/cochrane/clcentral/articles/692/CN-00722692/frame.html,http://onlinelibrary.wiley.com/o/cochrane/clcentral/articles/447/CN-00813447/frame.html,0,0,0,1,0,0,0,0,0,1,0,0,0,0,1,0,0,0,1,1,0,0,0,0,0,0,0,0,0,0,0,0,0,0,0,0,0,0,0,0,0,0,0,0,0,0,0,0,0,0,0,0,0,0,1,0,0,0,0,0,0,0,0,0,0,0,0,0,0,0,0,1,0,0,0,0,0,0,1,0,0,0,0,0,"fat burning, oxidative stress reduction","fat burning–muscle building, recovery–injury prevention","cycling, weight training"
HCA,"Garcinia cambogi, (-)-Hydroxycitrate",3,675,4,54,4,3,75.00%,Kovacs and Westerterp-Plantenga (2006) ,http://onlinelibrary.wiley.com/o/cochrane/clcentral/articles/560/CN-00565560/frame.html,http://onlinelibrary.wiley.com/o/cochrane/clcentral/articles/560/CN-00565560/frame.html,http://onlinelibrary.wiley.com/o/cochrane/clcentral/articles/635/CN-00457635/frame.html,0,0,0,1,0,0,0,0,0,0,0,0,0,0,0,0,0,0,1,0,0,0,0,0,0,0,0,0,0,0,0,0,0,0,0,0,0,0,0,0,0,0,0,0,0,0,0,0,0,0,0,0,0,0,0,0,0,0,0,0,0,0,0,0,0,0,0,0,0,0,0,1,0,0,0,0,0,0,1,0,0,0,0,0,fat burning,fat burning–muscle building,cycling
HCA,"Garcinia cambogi, (-)-Hydroxycitrate",1,675,2,54,2,2,100.00%,Lim et al (2003),http://onlinelibrary.wiley.com/o/cochrane/clcentral/articles/635/CN-00457635/frame.html,http://onlinelibrary.wiley.com/o/cochrane/clcentral/articles/635/CN-00457635/frame.html,http://onlinelibrary.wiley.com/o/cochrane/clcentral/articles/431/CN-00409431/frame.html,0,0,0,0,0,0,0,0,0,0,0,0,0,0,0,0,0,0,1,0,0,0,0,0,0,0,0,0,0,0,0,0,0,0,0,0,0,0,0,0,0,0,0,1,0,0,0,0,0,0,0,0,0,0,0,0,0,0,0,0,0,1,0,0,0,0,0,0,0,0,0,0,0,0,0,0,0,0,0,0,0,0,0,0,endurance,aerobic–endurance,cycling
HMB,β-Hydroxy-β-Methylbutyrate,3,809,4,327,1,0,0.00%,Meta-analysis: Rowlands and Thomson (2009),http://www.ncbi.nlm.nih.gov/pubmed/19387395,http://www.ncbi.nlm.nih.gov/pubmed/19387395,http://www.nutritionandmetabolism.com/content/pdf/1743-7075-5-1.pdf,0,0,0,0,0,0,0,0,0,0,0,0,0,0,1,0,0,0,0,0,0,0,0,0,0,0,0,1,0,0,0,0,0,0,0,0,0,0,1,0,0,0,0,0,0,0,0,0,0,0,0,0,0,0,0,0,0,0,0,0,0,0,0,1,0,0,0,0,0,0,0,0,0,0,0,0,0,0,0,0,0,0,0,0,strength,strength–power,weight training
HMB,β-Hydroxy-β-Methylbutyrate,1,809,3,327,2,0,0.00%,Meta-analysis: Rowlands and Thomson (2009),http://www.ncbi.nlm.nih.gov/pubmed/19387395,http://www.ncbi.nlm.nih.gov/pubmed/19387395,http://www.ncbi.nlm.nih.gov/pubmed/11007567,0,0,0,0,0,0,0,0,0,0,0,0,0,0,1,0,0,0,0,1,0,0,0,0,0,0,0,0,0,0,0,0,0,0,0,0,0,0,0,0,0,0,0,0,0,0,0,0,0,0,0,0,0,0,0,0,0,0,0,0,0,0,0,0,0,0,0,0,0,0,0,0,0,0,0,0,0,0,0,0,1,0,0,0,muscle damage,recovery–injury prevention,weight training
HMB,β-Hydroxy-β-Methylbutyrate,0.5,809,3,327,2,0,0.00%,Portal et al (2011),http://www.ncbi.nlm.nih.gov/pubmed/21327797,http://www.ncbi.nlm.nih.gov/pubmed/21327797,http://www.ncbi.nlm.nih.gov/pubmed/20857835,0,0,0,0,0,0,1,1,0,0,0,0,0,0,1,0,0,0,1,0,0,0,0,0,0,0,0,0,0,0,0,0,0,0,0,0,0,0,0,0,0,0,0,1,0,0,0,0,0,0,0,0,0,0,0,0,0,0,0,0,0,1,0,0,0,0,0,0,0,0,0,0,0,0,0,0,0,0,0,0,0,0,0,0,aerobic fitness,aerobic–endurance,"weight training, cycling, other"
HMB,β-Hydroxy-β-Methylbutyrate,2,809,4,327,1,0,0.00%,Meta-analysis: Rowlands and Thomson (2009),http://www.ncbi.nlm.nih.gov/pubmed/19387395,http://www.ncbi.nlm.nih.gov/pubmed/19387395,http://www.nutritionandmetabolism.com/content/pdf/1743-7075-5-1.pdf,0,0,0,1,0,0,1,0,0,0,0,0,0,0,1,0,0,0,0,0,0,0,0,0,0,0,0,0,0,0,0,0,0,0,0,0,0,0,0,0,0,0,0,0,0,0,0,0,0,0,0,0,0,0,0,0,0,0,0,0,0,0,1,0,0,0,0,0,0,0,0,1,0,0,0,0,0,0,1,0,0,0,0,0,"muscle building, fat loss",fat burning–muscle building,"weight training, other"
HMB + creatine,,1,55,1,30,1,1,100.00%,Jówko et al (2001),http://www.ncbi.nlm.nih.gov/pubmed/11448573,http://www.ncbi.nlm.nih.gov/pubmed/11448573,,0,0,0,1,0,0,0,0,0,0,0,0,0,0,1,0,0,1,0,0,0,0,0,0,0,0,0,1,0,0,0,0,0,0,0,0,0,0,1,0,0,0,0,0,0,0,0,0,0,0,0,0,0,0,0,0,0,0,0,0,0,0,0,1,0,0,0,0,0,0,0,1,0,0,0,0,0,0,1,0,0,0,0,0,"muscle mass, strength","fat burning–muscle building, strength–power",weight training
HMB + KIC,β-Hydroxy-β-Methylbutyrate + alpha-Ketoisocaproate,1,0,2,14,2,1.5,75.00%,Nunan et al (2010),http://onlinelibrary.wiley.com/o/cochrane/clcentral/articles/832/CN-00741832/frame.html,http://onlinelibrary.wiley.com/o/cochrane/clcentral/articles/832/CN-00741832/frame.html,http://onlinelibrary.wiley.com/o/cochrane/clcentral/articles/937/CN-00531937/frame.html,0,0,0,0,0,0,0,0,0,0,0,0,0,0,1,0,1,0,0,1,0,0,0,0,0,0,0,0,0,0,0,0,0,0,0,0,0,0,0,0,0,0,0,0,1,0,0,0,0,0,0,0,0,0,0,0,0,0,0,0,0,0,0,0,0,0,0,0,0,0,0,0,0,0,0,0,0,0,0,0,1,0,0,0,"soreness, muscle damage",recovery–injury prevention,"running, weight training"
Isoflavones,,1,2160,3,469,3,1,33.33%,Beavers et al (2010),http://onlinelibrary.wiley.com/o/cochrane/clcentral/articles/594/CN-00749594/frame.html,http://onlinelibrary.wiley.com/o/cochrane/clcentral/articles/594/CN-00749594/frame.html,http://onlinelibrary.wiley.com/o/cochrane/clcentral/articles/481/CN-00511481/frame.html,1,0,0,0,0,0,0,0,0,0,0,0,0,0,0,0,0,0,0,1,0,0,0,0,0,0,0,0,0,0,0,0,0,0,0,0,0,0,0,0,0,0,0,0,1,0,0,0,0,0,0,0,0,0,1,0,0,0,0,0,0,0,0,0,0,0,0,0,0,0,0,0,0,0,0,0,0,0,0,0,0,0,0,0,"inflammation, oxidative stress",recovery–injury prevention,running
Isoflavones,,0,2160,1,469,1,0,0.00%,Lenn et al (2002),http://onlinelibrary.wiley.com/o/cochrane/clcentral/articles/821/CN-00443821/frame.html,http://onlinelibrary.wiley.com/o/cochrane/clcentral/articles/821/CN-00443821/frame.html,,0,0,0,0,0,0,0,0,0,0,0,0,0,0,1,0,1,0,0,1,0,0,0,0,0,0,0,0,1,0,0,0,0,0,0,0,0,0,0,0,0,0,0,0,0,0,0,0,0,0,0,0,0,0,0,0,0,0,0,0,0,0,0,0,0,0,0,0,0,0,0,0,0,0,0,0,0,0,0,0,0,0,0,0,muscle soreness,recovery–injury prevention,weight training
Isoflavones,,2,2160,2,469,2,1.5,75.00%,Choquette et al (2011),http://onlinelibrary.wiley.com/o/cochrane/clcentral/articles/410/CN-00780410/frame.html,http://onlinelibrary.wiley.com/o/cochrane/clcentral/articles/410/CN-00780410/frame.html,http://onlinelibrary.wiley.com/o/cochrane/clcentral/articles/213/CN-00609213/frame.html,0,0,0,1,0,0,1,0,0,0,0,0,0,0,1,0,0,0,0,0,0,0,0,0,0,0,0,0,0,0,0,0,0,0,0,0,0,0,0,0,0,0,0,0,0,0,0,0,0,0,0,0,0,0,0,0,0,0,0,0,0,0,1,0,0,0,0,0,0,0,0,1,0,0,0,0,0,0,1,0,0,0,0,0,body weight + fat loss in postmenopausal women,fat burning–muscle building,"weight training, other"
L-arginine,,1,4060,4,1600,4,1,25.00%,Sunderland et al (2011),http://onlinelibrary.wiley.com/o/cochrane/clcentral/articles/397/CN-00785397/frame.html,http://onlinelibrary.wiley.com/o/cochrane/clcentral/articles/397/CN-00785397/frame.html,http://onlinelibrary.wiley.com/o/cochrane/clcentral/articles/910/CN-00769910/frame.html,0,0,0,0,0,0,0,1,0,0,0,0,0,0,1,0,0,0,1,0,0,0,0,0,0,0,0,0,0,0,0,0,0,0,0,0,0,0,0,0,0,0,0,1,0,0,0,0,0,0,0,0,0,0,0,0,0,0,0,0,0,1,0,0,0,0,0,0,0,0,0,0,0,0,0,0,0,0,0,0,0,0,0,0,aerobic fitness,aerobic–endurance,"cycling, weight training"
L-arginine,,3,4060,1,1600,0,0,0.00%,Alvares et al (2011),http://www.ncbi.nlm.nih.gov/pubmed/21395365,http://www.ncbi.nlm.nih.gov/pubmed/21395365,,0,0,0,0,0,0,1,0,0,0,0,0,0,0,0,0,0,0,0,0,0,0,0,0,0,0,0,0,0,0,0,0,0,0,0,0,0,1,0,0,0,0,0,0,0,0,0,0,0,0,0,0,0,0,0,0,0,0,0,1,0,0,0,0,0,0,0,0,0,0,0,0,0,0,0,0,0,0,0,0,0,0,0,0,general exercise performance,general fitness,other
L-arginine,,0,4060,1,1600,1,0,0.00%,Alvares et al (2012),http://www.ncbi.nlm.nih.gov/pubmed/22251130,http://www.ncbi.nlm.nih.gov/pubmed/22251130,,0,0,0,0,0,0,0,0,0,0,0,0,0,0,1,0,0,0,0,0,0,0,0,0,0,0,0,1,0,0,0,0,0,0,0,0,0,0,1,0,0,0,0,0,0,0,0,0,0,0,0,0,0,0,0,0,0,0,0,0,0,0,0,1,0,0,0,0,0,0,0,0,0,0,0,0,0,0,0,0,0,0,0,0,strength,strength–power,weight training
L-carnitine LT,L-carnitine L-tartrate,1,15600,3,1300,3,0.5,16.67%,Abramowicz and Galloway (2005),http://onlinelibrary.wiley.com/o/cochrane/clcentral/articles/935/CN-00531935/frame.html,http://onlinelibrary.wiley.com/o/cochrane/clcentral/articles/935/CN-00531935/frame.html,http://onlinelibrary.wiley.com/o/cochrane/clcentral/articles/878/CN-00666878/frame.html,0,0,0,1,0,0,0,0,0,0,0,0,0,0,0,0,0,0,1,0,0,0,0,0,0,0,1,0,0,0,0,0,0,0,0,0,0,0,0,0,0,0,0,0,0,0,0,0,0,0,0,0,0,0,0,0,0,0,0,0,0,0,0,0,0,0,0,0,0,0,0,1,0,0,0,0,0,0,1,0,0,0,0,0,metabolism,fat burning–muscle building,cycling
L-carnitine LT,L-carnitine L-tartrate,0,15600,1,1300,1,0,0.00%,Broad et al (2005),http://onlinelibrary.wiley.com/o/cochrane/clcentral/articles/630/CN-00555630/frame.html,http://onlinelibrary.wiley.com/o/cochrane/clcentral/articles/630/CN-00555630/frame.html,,0,0,0,0,0,0,0,0,0,0,0,0,0,0,0,0,0,0,1,0,0,0,0,0,0,0,0,0,0,0,0,0,0,0,0,0,0,0,0,0,0,0,0,1,0,0,0,0,0,0,0,0,0,0,0,0,0,0,0,0,0,1,0,0,0,0,0,0,0,0,0,0,0,0,0,0,0,0,0,0,0,0,0,0,endurance,aerobic–endurance,cycling
L-carnitine LT,L-carnitine L-tartrate,5,15600,6,1300,6,5.5,91.67%,Spiering et al (2008),http://onlinelibrary.wiley.com/o/cochrane/clcentral/articles/968/CN-00648968/frame.html,http://onlinelibrary.wiley.com/o/cochrane/clcentral/articles/935/CN-00531935/frame.html,http://onlinelibrary.wiley.com/o/cochrane/clcentral/articles/968/CN-00648968/frame.html,0,0,0,0,0,0,0,0,0,0,0,0,0,0,1,0,0,0,1,1,0,0,0,0,0,0,0,0,0,0,0,0,0,0,0,0,0,0,0,0,0,0,0,0,0,0,0,0,0,0,0,0,0,0,0,0,0,0,0,0,0,0,0,0,0,0,0,0,0,0,0,0,0,0,0,0,0,0,0,0,1,0,0,0,muscle damage,recovery–injury prevention,"cycling, weight training"
Medium chain triglycerides ,,0,801,1,22,1,0,0.00%,Oopik et al (2001),http://onlinelibrary.wiley.com/o/cochrane/clcentral/articles/662/CN-00442662/frame.html,http://onlinelibrary.wiley.com/o/cochrane/clcentral/articles/662/CN-00442662/frame.html,,0,0,0,0,0,0,0,0,0,0,0,0,0,0,0,0,0,0,0,0,0,0,0,0,0,0,0,0,0,0,0,0,0,0,0,0,0,0,0,0,0,0,0,1,1,0,0,0,0,0,0,0,0,0,0,0,0,0,0,0,0,1,0,0,0,0,0,0,0,0,0,0,0,0,0,0,0,0,0,0,0,0,0,0,endurance,aerobic–endurance,running
Phosphatidylserine,,1,805,1,67,1,1,100.00%,Kingsley et al (2006a),http://onlinelibrary.wiley.com/o/cochrane/clcentral/articles/060/CN-00554060/frame.html,http://onlinelibrary.wiley.com/o/cochrane/clcentral/articles/060/CN-00554060/frame.html,,0,0,0,0,0,0,0,0,0,0,0,0,0,0,0,0,0,0,1,0,0,0,0,0,0,0,0,0,0,0,0,0,0,0,0,0,0,0,0,0,0,0,1,1,0,0,0,0,0,0,0,0,0,0,0,0,0,0,0,0,0,1,0,0,0,0,0,0,0,0,0,0,0,0,0,0,0,0,0,0,0,1,0,0,high-intensity aerobic endurance,aerobic–endurance,cycling
Phosphatidylserine,,0,805,1,67,1,0,0.00%,Kingsley et al (2006b),http://onlinelibrary.wiley.com/o/cochrane/clcentral/articles/066/CN-00572066/frame.html,http://onlinelibrary.wiley.com/o/cochrane/clcentral/articles/066/CN-00572066/frame.html,,0,0,0,0,0,0,0,0,0,0,0,0,0,0,0,0,0,0,0,1,0,0,0,0,0,0,0,0,0,0,0,0,0,0,0,0,0,0,0,0,0,0,0,0,1,0,0,0,0,0,0,0,0,0,0,0,0,0,0,0,0,0,0,0,0,0,0,0,0,0,0,0,0,0,0,0,0,0,0,0,1,0,0,0,muscle damage,recovery–injury prevention,running
Potassium phosphate,,1,1390,1,16,1,1,100.00%,Goss et al (2001),http://onlinelibrary.wiley.com/o/cochrane/clcentral/articles/833/CN-00372833/frame.html,http://onlinelibrary.wiley.com/o/cochrane/clcentral/articles/833/CN-00372833/frame.html,,0,0,0,0,0,0,0,0,0,0,0,0,0,0,0,0,0,0,0,0,0,0,0,0,0,0,0,0,0,0,0,0,0,0,0,0,0,0,0,0,0,0,0,0,1,0,0,0,0,0,0,0,0,0,0,0,0,0,0,0,0,0,0,0,0,0,0,0,0,0,0,0,0,0,1,0,0,0,0,0,0,0,1,0,perceived exertion,sports psychology,running
Pyruvate,,0,677,2,319,2,0,0.00%,Morrison et al (2000),http://onlinelibrary.wiley.com/o/cochrane/clcentral/articles/300/CN-00372300/frame.html,http://onlinelibrary.wiley.com/o/cochrane/clcentral/articles/300/CN-00372300/frame.html,http://onlinelibrary.wiley.com/o/cochrane/clcentral/articles/503/CN-00742503/frame.html,0,0,0,1,0,0,0,0,0,0,0,0,0,0,0,1,0,1,1,0,0,0,0,0,0,0,1,0,0,0,0,0,0,0,0,1,0,0,0,0,0,0,0,1,0,0,0,0,0,0,0,0,0,0,0,1,0,0,0,1,0,1,0,0,0,0,0,0,0,0,0,1,0,0,0,0,0,0,1,0,0,0,0,0,"aerobic performance, metabolism, weight loss, muscle mass","aerobic–endurance, fat burning–muscle building, general fitness","cycling, football"
Quercetin,,2,2490,3,199,3,2,66.67%,Nieman et al (2010),http://onlinelibrary.wiley.com/o/cochrane/clcentral/articles/310/CN-00742310/frame.html,http://onlinelibrary.wiley.com/o/cochrane/clcentral/articles/310/CN-00742310/frame.html,http://onlinelibrary.wiley.com/o/cochrane/clcentral/articles/984/CN-00734984/frame.html,0,0,0,0,0,0,0,0,0,0,0,0,0,0,0,0,0,0,1,0,0,0,0,0,0,0,0,0,0,0,0,0,0,0,0,0,0,0,0,0,0,0,0,1,0,0,0,0,0,0,0,0,0,0,0,0,0,0,0,0,0,1,0,0,0,0,0,0,0,0,0,0,0,0,0,0,0,0,0,0,0,1,0,0,aerobic endurance,aerobic–endurance,cycling
Quercetin,,1,2490,1,199,1,1,100.00%,Nieman et al (2007),http://onlinelibrary.wiley.com/o/cochrane/clcentral/articles/198/CN-00619198/frame.html,http://onlinelibrary.wiley.com/o/cochrane/clcentral/articles/198/CN-00619198/frame.html,,0,0,0,0,0,0,0,0,0,0,0,0,0,0,0,0,0,0,1,0,0,0,0,0,0,0,0,0,0,0,0,0,0,0,0,0,0,0,0,0,0,0,0,0,0,0,0,0,0,0,0,0,0,0,0,0,0,0,0,1,0,0,0,0,0,0,0,1,0,0,0,0,0,0,0,0,0,0,0,0,0,0,0,0,illnesses following heavy exercise,general fitness,cycling
Quercetin,,0,2490,1,199,1,0,0.00%,Abbey and Rankin (2011),http://onlinelibrary.wiley.com/o/cochrane/clcentral/articles/586/CN-00788586/frame.html,http://onlinelibrary.wiley.com/o/cochrane/clcentral/articles/586/CN-00788586/frame.html,,0,0,0,0,0,0,0,0,1,0,0,0,0,0,0,0,0,0,0,0,0,1,0,0,0,0,0,0,0,0,0,0,0,0,0,0,0,0,0,0,0,0,0,0,1,0,0,0,0,0,0,0,0,0,0,0,0,0,0,0,0,0,0,0,0,0,0,0,0,0,0,0,0,0,0,0,0,1,0,0,0,0,0,0,repeated sprint performance,anaerobic–high-intensity,running
Quercetin,,1,2490,3,199,3,1.5,50.00%,Nieman et al (2009),http://onlinelibrary.wiley.com/o/cochrane/clcentral/articles/037/CN-00761037/frame.html,http://onlinelibrary.wiley.com/o/cochrane/clcentral/articles/586/CN-00788586/frame.html,http://onlinelibrary.wiley.com/o/cochrane/clcentral/articles/037/CN-00761037/frame.html,1,0,0,0,0,0,0,0,0,0,0,0,0,0,0,0,0,0,1,1,0,0,0,0,0,0,0,0,0,0,0,0,0,0,0,0,0,0,0,0,0,0,0,0,1,0,0,0,0,0,0,0,0,0,0,0,0,0,0,0,0,0,0,0,0,0,0,0,0,0,0,0,0,0,0,0,0,0,0,0,0,0,0,0,inflammation,recovery–injury prevention,"running, cycling"
Quercetin,,0,2490,2,199,2,0,0.00%,Utter et al (2009),http://onlinelibrary.wiley.com/o/cochrane/clcentral/articles/881/CN-00722881/frame.html,http://onlinelibrary.wiley.com/o/cochrane/clcentral/articles/881/CN-00722881/frame.html,http://onlinelibrary.wiley.com/o/cochrane/clcentral/articles/120/CN-00742120/frame.html,0,0,0,0,0,0,0,0,0,0,0,0,0,0,0,0,0,0,1,0,0,0,0,0,0,0,0,0,0,0,0,0,0,0,0,0,0,0,0,0,0,0,0,0,1,0,0,0,0,0,0,0,0,0,0,0,0,0,0,0,0,0,0,0,0,0,0,0,0,0,0,0,0,0,1,0,0,0,0,0,0,0,1,0,perceived exertion,sports psychology,"running, cycling"
Rhodiola Rosea L.,,0,810,1,26,1,0,0.00%,Parisi et al (2010),http://onlinelibrary.wiley.com/o/cochrane/clcentral/articles/363/CN-00770363/frame.html,http://onlinelibrary.wiley.com/o/cochrane/clcentral/articles/363/CN-00770363/frame.html,,0,0,0,0,0,0,1,0,0,0,0,0,0,0,0,0,0,0,0,0,0,0,0,0,0,0,0,0,0,0,0,0,0,0,0,1,0,0,0,0,0,0,0,1,0,0,0,0,0,0,0,0,0,0,0,0,0,0,0,0,0,1,0,0,0,0,0,0,0,0,0,0,0,0,0,0,0,0,0,0,0,0,0,0,aerobic performance,aerobic–endurance,other
Rhodiola Rosea L.,,2,810,2,26,2,1.5,75.00%,Skarpanska-Stejnborn et al (2009),http://onlinelibrary.wiley.com/o/cochrane/clcentral/articles/769/CN-00702769/frame.html,http://onlinelibrary.wiley.com/o/cochrane/clcentral/articles/363/CN-00770363/frame.html,http://onlinelibrary.wiley.com/o/cochrane/clcentral/articles/769/CN-00702769/frame.html,0,0,0,0,0,0,1,0,0,0,0,0,0,0,0,0,0,0,0,1,0,0,0,0,0,0,0,0,0,0,0,0,0,0,0,0,0,0,0,0,0,0,0,0,0,0,0,0,0,0,0,0,0,0,0,0,0,0,0,0,0,0,0,0,0,0,0,0,1,0,0,0,0,0,0,0,0,0,0,0,1,0,0,0,muscle damage,recovery–injury prevention,"rowing, other"
Ribose,D-ribose,0,1490,4,201,4,0,0.00%,Peveler et al (2006),http://onlinelibrary.wiley.com/o/cochrane/clcentral/articles/874/CN-00571874/frame.html,http://onlinelibrary.wiley.com/o/cochrane/clcentral/articles/629/CN-00555629/frame.html,http://onlinelibrary.wiley.com/o/cochrane/clcentral/articles/157/CN-00436157/frame.html,0,0,0,0,0,0,1,0,1,0,0,0,0,0,0,0,0,0,1,0,0,1,0,0,0,0,0,0,0,0,0,0,0,0,0,0,0,0,0,0,0,0,0,0,0,0,0,0,0,0,0,0,0,0,0,0,0,0,0,0,0,0,0,0,0,0,0,0,0,0,0,0,0,0,0,0,0,1,0,0,0,0,0,0,repeated sprint performance,anaerobic–high-intensity,"cycling, other"
Ribose,D-ribose,0,1490,1,201,1,0,0.00%,Dunne et al (2006),http://onlinelibrary.wiley.com/o/cochrane/clcentral/articles/854/CN-00561854/frame.html,http://onlinelibrary.wiley.com/o/cochrane/clcentral/articles/854/CN-00561854/frame.html,,0,0,0,0,0,0,0,0,0,0,0,0,0,0,0,0,0,0,0,0,0,0,0,0,0,0,0,0,0,0,0,0,0,0,0,0,0,0,0,0,0,0,0,1,0,0,0,0,0,0,0,0,0,0,0,0,0,0,0,0,0,1,0,0,0,0,0,0,1,0,0,0,0,0,0,0,0,0,0,0,0,0,0,0,endurance,aerobic–endurance,rowing
Ribose,D-ribose,1,1490,2,201,2,1,50.00%,Van Gammeren et al (2002),http://onlinelibrary.wiley.com/o/cochrane/clcentral/articles/658/CN-00443658/frame.html,http://onlinelibrary.wiley.com/o/cochrane/clcentral/articles/658/CN-00443658/frame.html,http://onlinelibrary.wiley.com/o/cochrane/clcentral/articles/629/CN-00374629/frame.html,0,0,0,0,0,0,0,0,0,0,0,0,0,0,1,0,0,0,0,0,0,0,0,0,0,0,0,1,0,0,0,0,0,0,0,0,0,0,1,0,0,0,0,0,0,0,0,0,0,0,0,0,0,0,0,0,0,0,0,0,0,0,0,1,0,0,0,0,0,0,0,0,0,0,0,0,0,0,0,0,0,0,0,0,strength,strength–power,weight training
Ribose,D-ribose,0,1490,1,201,1,0,0.00%,Van Gammeren et al (2002),http://onlinelibrary.wiley.com/o/cochrane/clcentral/articles/658/CN-00443658/frame.html,http://onlinelibrary.wiley.com/o/cochrane/clcentral/articles/658/CN-00443658/frame.html,,0,0,0,1,0,0,0,0,0,0,0,0,0,0,1,0,0,0,0,0,0,0,0,0,0,0,0,0,0,0,0,0,0,0,0,0,0,0,0,0,0,0,0,0,0,0,0,0,0,0,0,0,0,0,0,0,0,0,0,0,0,0,0,0,1,0,0,0,0,0,0,1,0,0,0,0,0,0,1,0,0,0,0,0,body composition,fat burning–muscle building,weight training
Sour cherry juice,tart cherry juice,2,234,2,30,2,2,100.00%,Howatson et al (2010),http://onlinelibrary.wiley.com/o/cochrane/clcentral/articles/068/CN-00778068/frame.html,http://onlinelibrary.wiley.com/o/cochrane/clcentral/articles/068/CN-00778068/frame.html,http://onlinelibrary.wiley.com/o/cochrane/clcentral/articles/005/CN-00566005/frame.html,1,0,0,0,0,0,0,0,0,0,0,0,0,0,1,0,0,0,0,1,0,0,0,0,0,0,0,0,0,0,0,0,0,0,0,0,0,0,0,0,0,0,0,0,1,0,0,0,0,0,0,0,0,0,0,0,0,0,0,0,0,0,0,0,0,0,0,0,0,0,0,0,0,0,0,0,0,0,0,0,1,0,0,0,muscle damage + inflammation,recovery–injury prevention,"running, weight training"
Soy protein,,1,24100,1,424,1,1,100.00%,Ghosh et al (2010),http://onlinelibrary.wiley.com/o/cochrane/clcentral/articles/777/CN-00759777/frame.html,http://onlinelibrary.wiley.com/o/cochrane/clcentral/articles/777/CN-00759777/frame.html,,0,0,0,0,0,0,0,0,0,0,0,0,0,0,0,0,0,0,1,0,0,1,0,0,0,0,0,0,0,0,0,0,0,0,0,0,0,0,0,0,0,0,0,1,0,0,0,0,0,0,0,0,0,0,0,0,0,1,0,0,0,1,0,0,0,0,0,0,0,0,0,0,0,0,0,0,0,0,0,0,0,0,0,0,high intensity endurance,"aerobic–endurance, anaerobic–high-intensity",cycling
Soy protein,,1,24100,2,424,2,1,50.00%,Trevisan et al (2010),http://onlinelibrary.wiley.com/o/cochrane/clcentral/articles/204/CN-00802204/frame.html,http://onlinelibrary.wiley.com/o/cochrane/clcentral/articles/204/CN-00802204/frame.html,http://onlinelibrary.wiley.com/o/cochrane/clcentral/articles/125/CN-00586125/frame.html,0,0,0,1,0,0,0,0,0,0,0,0,0,0,1,0,0,0,0,0,0,0,0,0,0,0,0,0,0,0,0,0,0,0,0,0,0,0,0,0,0,0,0,0,0,0,0,0,0,0,0,0,0,0,0,0,0,0,0,0,0,0,0,0,0,0,0,0,0,0,0,1,0,0,0,0,0,0,1,0,0,0,0,0,calorie + fat burning in postmenopausal women,fat burning–muscle building,weight training
Spirulina,Spirulina platensis,2,7670,2,48,2,2,100.00%,Kalafati et al (2010),http://onlinelibrary.wiley.com/o/cochrane/clcentral/articles/748/CN-00732748/frame.html,http://onlinelibrary.wiley.com/o/cochrane/clcentral/articles/748/CN-00732748/frame.html,http://onlinelibrary.wiley.com/o/cochrane/clcentral/articles/943/CN-00571943/frame.html,0,0,0,0,0,0,0,0,0,0,0,0,0,0,0,0,0,0,0,0,0,0,0,0,0,0,0,0,0,0,0,0,0,0,0,0,0,0,0,0,1,0,0,1,1,0,0,0,0,0,0,0,0,0,0,0,0,0,0,0,0,1,0,0,0,0,0,0,0,0,0,0,0,0,0,0,0,0,0,0,0,0,0,0,endurance performance,aerobic–endurance,running
Spirulina,Spirulina platensis,2,7670,2,48,2,2,100.00%,Lu et al (2006),http://onlinelibrary.wiley.com/o/cochrane/clcentral/articles/943/CN-00571943/frame.html,http://onlinelibrary.wiley.com/o/cochrane/clcentral/articles/748/CN-00732748/frame.html,http://onlinelibrary.wiley.com/o/cochrane/clcentral/articles/943/CN-00571943/frame.html,0,0,0,1,0,0,0,0,0,0,0,0,0,0,0,0,0,0,0,1,0,0,0,0,0,0,0,0,0,0,0,0,0,0,0,0,0,0,0,0,0,0,0,0,1,0,0,0,0,0,0,0,0,0,0,0,0,0,0,0,0,0,0,0,0,0,0,0,0,0,0,1,0,0,0,0,0,0,1,0,1,0,0,0,"muscle damage, fat burning","recovery–injury prevention, fat burning–muscle building",running
Taurine,,0.5,2560,1,575,1,0.5,50.00%,Rutherford et al (2010),http://onlinelibrary.wiley.com/o/cochrane/clcentral/articles/746/CN-00762746/frame.html,http://onlinelibrary.wiley.com/o/cochrane/clcentral/articles/746/CN-00762746/frame.html,,0,0,0,1,0,0,0,0,0,0,0,0,0,0,0,0,0,0,1,0,0,0,0,0,0,0,1,0,0,0,0,0,0,0,0,0,0,0,0,0,1,0,0,1,0,0,0,0,0,0,0,0,0,0,0,0,0,0,0,0,0,1,0,0,0,0,0,0,0,0,0,1,0,0,0,0,0,0,1,0,0,0,0,0,"endurance performance, metabolism","aerobic–endurance, fat burning–muscle building",cycling
Tribulus terrestris,"devil's thorn, tackweed",0,2190,3,39,3,0,0.00%,Rogerson et al (2007),http://onlinelibrary.wiley.com/o/cochrane/clcentral/articles/231/CN-00589231/frame.html,http://onlinelibrary.wiley.com/o/cochrane/clcentral/articles/231/CN-00589231/frame.html,http://onlinelibrary.wiley.com/o/cochrane/clcentral/articles/025/CN-00332025/frame.html,0,0,0,1,0,0,0,0,0,0,0,0,0,0,1,0,0,0,0,0,0,0,0,0,0,0,0,1,0,0,1,0,0,0,0,0,0,0,1,0,0,0,0,0,0,0,0,0,0,0,0,1,0,0,0,0,0,0,0,0,0,0,0,1,1,0,0,0,0,0,0,1,0,0,0,0,0,0,0,0,0,0,0,0,"strength, body composition, testosterone","strength–power, fat burning-muscle building",weight training
Tyrosine,,1,2340,1,164,1,1,100.00%,Tumilty et al (2011),http://www.ncbi.nlm.nih.gov/pubmed/21437603,http://www.ncbi.nlm.nih.gov/pubmed/21437603,,0,0,0,0,0,0,0,0,0,0,0,0,0,0,0,0,0,0,1,0,0,0,1,0,0,0,0,0,0,0,0,0,0,0,0,0,0,0,0,0,0,0,0,1,0,0,0,0,0,0,0,0,0,0,0,0,0,0,0,0,0,1,0,0,0,0,0,0,0,0,0,0,0,0,0,0,0,0,0,0,0,0,1,0,exercise tolerance in hot conditions,"aerobic–endurance, sports psychology",cycling
Velvet antler,"Deer velvet antler, elk velvet antler",0,1340,2,4,2,0.5,25.00%,Syrotuik et al (2005),http://onlinelibrary.wiley.com/o/cochrane/clcentral/articles/934/CN-00531934/frame.html,http://onlinelibrary.wiley.com/o/cochrane/clcentral/articles/934/CN-00531934/frame.html,http://onlinelibrary.wiley.com/o/cochrane/clcentral/articles/523/CN-00459523/frame.html,0,0,0,0,0,1,0,0,0,0,0,0,0,0,1,0,0,0,0,0,0,0,0,0,0,0,0,1,0,0,0,0,0,0,0,0,0,0,1,0,0,0,0,1,0,0,0,0,0,0,0,0,0,0,0,0,0,0,0,1,0,1,0,1,0,0,0,0,1,0,0,0,0,0,0,0,0,0,0,0,0,0,0,0,"endurance, strength, hormonal exercise response","aerobic–endurance, strength–power, general fitness","rowing, weight training"
Whey protein,,3,8610,3,320,3,3,100.00%,Baer et al (2009),http://www.ncbi.nlm.nih.gov/pubmed/21677076,http://onlinelibrary.wiley.com/o/cochrane/clcentral/articles/061/CN-00575061/frame.html,http://www.ncbi.nlm.nih.gov/pubmed/21677076,0,0,0,1,0,0,0,0,0,0,0,0,0,0,1,0,0,0,0,0,0,0,0,0,0,0,0,0,0,0,0,0,0,0,0,0,0,0,0,0,0,0,0,0,0,0,0,0,0,0,0,0,0,0,0,0,0,0,0,0,0,0,1,0,0,0,0,0,0,0,0,1,0,0,0,0,0,0,1,0,0,0,0,0,weight + fat loss,fat burning–muscle building,weight training
Whey protein,,6,8610,11,320,11,10,90.91%,Tang et al (2009),http://www.ncbi.nlm.nih.gov/pubmed/19589961,http://onlinelibrary.wiley.com/o/cochrane/clcentral/articles/142/CN-00772142/frame.html,http://onlinelibrary.wiley.com/o/cochrane/clcentral/articles/448/CN-00743448/frame.html,0,0,0,1,0,0,0,0,0,0,0,0,0,0,1,0,0,0,0,1,0,0,0,0,0,1,0,1,0,0,0,0,0,0,0,0,0,0,1,0,0,0,0,0,1,0,0,0,0,0,0,0,0,0,0,0,0,0,0,0,0,0,0,1,0,0,0,0,0,0,0,0,0,0,0,0,0,0,0,0,0,0,0,0,"strength, muscle building + recovery","strength–power, recovery–injury prevention ","weight training, running"
